"","ticknumb","music","day1","day2","day3","change"
"1",2111,"Metaller",2.65,1.35,1.61,-1.04
"2",2229,"Crusty",0.97,1.41,0.29,-0.68
"3",2338,"No Musical Affiliation",0.84,NA,NA,NA
"4",2384,"Crusty",3.03,NA,NA,NA
"5",2401,"No Musical Affiliation",0.88,0.08,NA,NA
"6",2405,"Crusty",0.85,NA,NA,NA
"7",2467,"Indie Kid",1.56,NA,NA,NA
"8",2478,"Indie Kid",3.02,NA,NA,NA
"9",2490,"Crusty",2.29,NA,NA,NA
"10",2504,"No Musical Affiliation",1.11,0.44,0.55,-0.56
"11",2509,"No Musical Affiliation",2.17,NA,NA,NA
"12",2510,"Crusty",0.82,0.2,0.47,-0.35
"13",2514,"Metaller",1.41,NA,NA,NA
"14",2515,"No Musical Affiliation",1.76,1.64,1.58,-0.18
"15",2520,"No Musical Affiliation",1.38,0.02,NA,NA
"16",2521,"Crusty",2.79,NA,NA,NA
"17",2529,"Crusty",1.5,NA,NA,NA
"18",2533,"Metaller",1.91,2.05,NA,NA
"19",2535,"Metaller",2.32,NA,NA,NA
"20",2538,"No Musical Affiliation",2.05,NA,NA,NA
"21",2549,"Crusty",2.17,0.7,0.76,-1.41
"22",2551,"No Musical Affiliation",2.05,NA,NA,NA
"23",2558,"No Musical Affiliation",1.61,NA,NA,NA
"24",2562,"No Musical Affiliation",1.66,0.85,NA,NA
"25",2565,"Indie Kid",2.3,NA,NA,NA
"26",2566,"No Musical Affiliation",2.76,NA,NA,NA
"27",2568,"Crusty",1.44,NA,NA,NA
"28",2586,"Metaller",1.06,NA,NA,NA
"29",2601,"Crusty",3.23,NA,NA,NA
"30",2602,"Indie Kid",0.97,0.38,0.76,-0.21
"31",2604,"Crusty",2.57,0.11,0.02,-2.55
"32",2606,"Crusty",0.26,NA,NA,NA
"33",2609,"Crusty",0.47,NA,NA,NA
"34",2611,"No Musical Affiliation",1.73,NA,NA,NA
"35",2612,"No Musical Affiliation",1.94,0.82,1.67,-0.27
"36",2616,"Crusty",1.91,NA,NA,NA
"37",2624,"No Musical Affiliation",2.08,0.91,0.96,-1.12
"38",2633,"Crusty",1.91,NA,NA,NA
"39",2642,"No Musical Affiliation",1.42,NA,NA,NA
"40",2644,"No Musical Affiliation",1.5,NA,NA,NA
"41",2662,"Metaller",0.11,NA,NA,NA
"42",2663,"Crusty",1.67,NA,NA,NA
"43",2664,"No Musical Affiliation",2.08,NA,NA,NA
"44",2669,"No Musical Affiliation",2.05,NA,NA,NA
"45",2670,"Metaller",2,NA,NA,NA
"46",2675,"No Musical Affiliation",1.52,NA,NA,NA
"47",2676,"Metaller",1.58,NA,NA,NA
"48",2677,"Indie Kid",1.28,0.38,0.14,-1.14
"49",2681,"No Musical Affiliation",1.88,NA,NA,NA
"50",2685,"No Musical Affiliation",1.32,NA,NA,NA
"51",2686,"No Musical Affiliation",2.09,NA,NA,NA
"52",2687,"Metaller",2,NA,NA,NA
"53",2688,"Indie Kid",2.64,NA,NA,NA
"54",2689,"No Musical Affiliation",0.85,0.32,0.52,-0.33
"55",2692,"Indie Kid",2.47,0.23,0.38,-2.09
"56",2698,"Crusty",1.79,NA,NA,NA
"57",2709,"Indie Kid",1.64,NA,NA,NA
"58",2710,"No Musical Affiliation",1.32,NA,NA,NA
"59",2712,"Metaller",2.97,NA,NA,NA
"60",2726,"Metaller",1.44,0.14,NA,NA
"61",2727,"No Musical Affiliation",2.02,NA,NA,NA
"62",2728,"Metaller",1.79,NA,NA,NA
"63",2730,"No Musical Affiliation",1.34,NA,NA,NA
"64",2731,"Crusty",2.29,1.9,NA,NA
"65",2732,"No Musical Affiliation",1.66,NA,NA,NA
"66",2734,"No Musical Affiliation",0.6,NA,NA,NA
"67",2735,"No Musical Affiliation",1.76,0.76,0.29,-1.47
"68",2736,"No Musical Affiliation",1.5,NA,NA,NA
"69",2737,"No Musical Affiliation",2.08,0.7,NA,NA
"70",2748,"No Musical Affiliation",1,0.55,NA,NA
"71",2752,"Metaller",1.73,NA,NA,NA
"72",2756,"No Musical Affiliation",1.05,0.38,NA,NA
"73",2758,"Indie Kid",2.81,NA,NA,NA
"74",2759,"No Musical Affiliation",1.52,NA,NA,NA
"75",2768,"No Musical Affiliation",1.47,NA,NA,NA
"76",2769,"No Musical Affiliation",2.64,NA,NA,NA
"77",2770,"Metaller",2.2,1.18,NA,NA
"78",2771,"No Musical Affiliation",0.55,0.79,NA,NA
"79",2772,"Crusty",2.29,NA,NA,NA
"80",2773,"Indie Kid",2,NA,NA,NA
"81",2775,"No Musical Affiliation",2.23,NA,NA,NA
"82",2779,"No Musical Affiliation",2.45,NA,NA,NA
"83",2780,"Crusty",1.2,NA,NA,NA
"84",2783,"Crusty",2.91,2.08,2.11,-0.8
"85",2784,"Metaller",1.14,1,NA,NA
"86",2788,"No Musical Affiliation",1.88,NA,NA,NA
"87",2789,"Crusty",0.94,NA,NA,NA
"88",2791,"Crusty",1.85,NA,NA,NA
"89",2794,"Crusty",2.58,NA,NA,NA
"90",2796,"Metaller",0.61,NA,NA,NA
"91",2799,"No Musical Affiliation",0.7,NA,NA,NA
"92",2806,"Metaller",1.38,NA,NA,NA
"93",2807,"No Musical Affiliation",1.94,NA,NA,NA
"94",2811,"Metaller",2.29,NA,NA,NA
"95",2812,"Indie Kid",1.59,NA,NA,NA
"96",2813,"Indie Kid",2.46,NA,NA,NA
"97",2814,"No Musical Affiliation",1.67,0.14,NA,NA
"98",2825,"Crusty",2.02,0.58,0.5,-1.52
"99",2827,"Metaller",1.5,NA,NA,NA
"100",2828,"Crusty",2.7,1.7,1.91,-0.79
"101",2829,"Crusty",1.61,NA,NA,NA
"102",2830,"Metaller",2.29,NA,NA,NA
"103",2831,"No Musical Affiliation",0.97,1.06,0.76,-0.21
"104",2839,"No Musical Affiliation",1.85,NA,NA,NA
"105",2842,"Metaller",2.76,NA,NA,NA
"106",2857,"Metaller",1.64,NA,NA,NA
"107",2858,"No Musical Affiliation",1.17,NA,NA,NA
"108",2859,"No Musical Affiliation",1.57,NA,NA,NA
"109",2862,"Crusty",2.23,NA,NA,NA
"110",2863,"No Musical Affiliation",2.05,1.58,2.15,0.1
"111",2875,"Metaller",2.05,NA,NA,NA
"112",2876,"Metaller",2.94,NA,NA,NA
"113",2883,"Indie Kid",2.39,NA,NA,NA
"114",2890,"No Musical Affiliation",1.94,NA,NA,NA
"115",2894,"Crusty",2.12,NA,NA,NA
"116",2895,"No Musical Affiliation",1.11,NA,NA,NA
"117",2897,"No Musical Affiliation",0.97,NA,NA,NA
"118",2898,"Indie Kid",1.35,NA,NA,NA
"119",2899,"No Musical Affiliation",2.81,2.08,NA,NA
"120",2900,"Crusty",2.5,NA,NA,NA
"121",2901,"Crusty",1.87,NA,NA,NA
"122",2920,"No Musical Affiliation",1.33,NA,NA,NA
"123",2921,"Indie Kid",1.26,NA,NA,NA
"124",2922,"No Musical Affiliation",1.44,NA,NA,NA
"125",2923,"No Musical Affiliation",0.55,NA,NA,NA
"126",2924,"No Musical Affiliation",1.75,NA,NA,NA
"127",2925,"Metaller",2.08,NA,NA,NA
"128",2932,"Metaller",0.85,NA,NA,NA
"129",2933,"No Musical Affiliation",2.52,NA,NA,NA
"130",2935,"Crusty",3,NA,NA,NA
"131",2936,"No Musical Affiliation",1.41,NA,NA,NA
"132",2937,"No Musical Affiliation",1.08,NA,NA,NA
"133",2938,"No Musical Affiliation",1.2,1.38,1.5,0.3
"134",2940,"Crusty",1.94,1.44,NA,NA
"135",2941,"No Musical Affiliation",2.26,1.73,1.73,-0.53
"136",2942,"Indie Kid",1.41,NA,NA,NA
"137",2948,"Indie Kid",2.5,NA,NA,NA
"138",2952,"Metaller",2.17,NA,NA,NA
"139",2953,"No Musical Affiliation",1.82,1.11,NA,NA
"140",2954,"Crusty",1.44,1.14,NA,NA
"141",2956,"Crusty",1.66,NA,NA,NA
"142",2957,"Metaller",1.82,NA,NA,NA
"143",2958,"Metaller",1.26,NA,NA,NA
"144",2959,"Crusty",2.67,NA,NA,NA
"145",2961,"No Musical Affiliation",1.47,NA,NA,NA
"146",2962,"Metaller",1.84,NA,NA,NA
"147",2964,"Metaller",2.58,NA,NA,NA
"148",2966,"Indie Kid",1.73,NA,NA,NA
"149",2967,"Metaller",1.23,NA,NA,NA
"150",2968,"No Musical Affiliation",2.32,NA,NA,NA
"151",2972,"Metaller",2.67,NA,NA,NA
"152",2974,"Metaller",1.02,NA,NA,NA
"153",2975,"No Musical Affiliation",1.66,2.12,2.7,1.04
"154",2976,"Metaller",1.88,NA,NA,NA
"155",2977,"No Musical Affiliation",1.91,NA,NA,NA
"156",2978,"Indie Kid",1.64,NA,NA,NA
"157",2979,"No Musical Affiliation",1.34,NA,NA,NA
"158",2982,"No Musical Affiliation",1.85,NA,NA,NA
"159",2983,"Indie Kid",2.08,NA,NA,NA
"160",2984,"No Musical Affiliation",1.02,NA,NA,NA
"161",2985,"Metaller",1.79,NA,NA,NA
"162",2988,"Crusty",1.94,NA,NA,NA
"163",2989,"Indie Kid",3.26,1.97,1.67,-1.59
"164",2990,"No Musical Affiliation",1.14,0.58,0.11,-1.03
"165",3008,"No Musical Affiliation",1.5,0.7,0.38,-1.12
"166",3009,"Indie Kid",2.03,NA,NA,NA
"167",3010,"Crusty",2.24,NA,NA,NA
"168",3013,"No Musical Affiliation",1.11,NA,NA,NA
"169",3014,"Crusty",2.21,NA,NA,NA
"170",3016,"Metaller",1.94,NA,NA,NA
"171",3017,"Metaller",2.41,NA,NA,NA
"172",3018,"No Musical Affiliation",0.88,NA,NA,NA
"173",3019,"Crusty",1.17,1.35,NA,NA
"174",3027,"Metaller",2.23,NA,NA,NA
"175",3028,"Crusty",1.64,NA,NA,NA
"176",3029,"Crusty",2.14,NA,NA,NA
"177",3030,"No Musical Affiliation",0.11,0.29,NA,NA
"178",3031,"Indie Kid",2.17,NA,NA,NA
"179",3032,"Crusty",1.67,NA,NA,NA
"180",3033,"Crusty",1,NA,NA,NA
"181",3034,"No Musical Affiliation",0.88,NA,NA,NA
"182",3035,"No Musical Affiliation",2.2,NA,NA,NA
"183",3048,"Metaller",2.17,NA,NA,NA
"184",3049,"Crusty",2.32,NA,NA,NA
"185",3051,"Crusty",1.64,NA,NA,NA
"186",3052,"Crusty",3,NA,NA,NA
"187",3053,"Crusty",2.38,0.85,NA,NA
"188",3054,"Indie Kid",1.6,1.02,NA,NA
"189",3055,"Metaller",1.58,NA,NA,NA
"190",3056,"Indie Kid",2.61,NA,NA,NA
"191",3057,"No Musical Affiliation",1.44,0.05,0.2,-1.24
"192",3064,"No Musical Affiliation",1.57,NA,NA,NA
"193",3065,"No Musical Affiliation",2.32,NA,NA,NA
"194",3068,"Metaller",1.14,NA,NA,NA
"195",3069,"Crusty",1.93,NA,NA,NA
"196",3070,"Crusty",2.47,NA,NA,NA
"197",3072,"Crusty",2.29,NA,NA,NA
"198",3073,"No Musical Affiliation",1,NA,NA,NA
"199",3092,"Metaller",1.58,NA,NA,NA
"200",3093,"Metaller",2.44,NA,NA,NA
"201",3094,"Metaller",0.83,NA,NA,NA
"202",3095,"No Musical Affiliation",2.71,0.78,0.33,-2.38
"203",3096,"Indie Kid",1.73,NA,NA,NA
"204",3097,"Indie Kid",1.58,NA,NA,NA
"205",3098,"No Musical Affiliation",1.5,NA,NA,NA
"206",3100,"Crusty",1.05,NA,NA,NA
"207",3106,"No Musical Affiliation",2.05,NA,NA,NA
"208",3107,"Crusty",2.63,NA,NA,NA
"209",3109,"Indie Kid",2.55,2.29,NA,NA
"210",3111,"Metaller",2,NA,NA,NA
"211",3112,"No Musical Affiliation",2,NA,NA,NA
"212",3114,"Indie Kid",1.32,NA,NA,NA
"213",3116,"Crusty",3.14,NA,NA,NA
"214",3118,"Metaller",1.44,NA,NA,NA
"215",3129,"No Musical Affiliation",1.85,0.23,NA,NA
"216",3131,"Crusty",1.41,0.44,NA,NA
"217",3132,"No Musical Affiliation",1.94,NA,NA,NA
"218",3133,"Crusty",2.91,NA,NA,NA
"219",3135,"No Musical Affiliation",1.85,NA,NA,NA
"220",3136,"Metaller",1.7,NA,NA,NA
"221",3137,"Metaller",2.23,NA,NA,NA
"222",3138,"Crusty",1.11,NA,NA,NA
"223",3139,"Crusty",1.47,NA,NA,NA
"224",3146,"Metaller",2.2,NA,NA,NA
"225",3147,"No Musical Affiliation",1.82,NA,NA,NA
"226",3148,"No Musical Affiliation",1.42,NA,NA,NA
"227",3168,"Indie Kid",2.44,NA,NA,NA
"228",3171,"No Musical Affiliation",2.66,NA,NA,NA
"229",3172,"No Musical Affiliation",1.52,NA,NA,NA
"230",3173,"No Musical Affiliation",1.35,0.47,0.73,-0.62
"231",3180,"No Musical Affiliation",1.29,NA,NA,NA
"232",3182,"No Musical Affiliation",2.32,NA,NA,NA
"233",3190,"Crusty",0.78,NA,NA,NA
"234",3192,"Crusty",2.84,NA,NA,NA
"235",3202,"No Musical Affiliation",0.97,NA,NA,NA
"236",3236,"Crusty",1.52,NA,NA,NA
"237",3245,"Crusty",1.7,NA,NA,NA
"238",3246,"No Musical Affiliation",0.94,1.17,1.29,0.35
"239",3247,"No Musical Affiliation",1.41,NA,NA,NA
"240",3248,"No Musical Affiliation",1.79,NA,NA,NA
"241",3249,"No Musical Affiliation",1.08,0.44,0.44,-0.64
"242",3250,"Crusty",1.47,NA,NA,NA
"243",3251,"No Musical Affiliation",1.79,0.47,NA,NA
"244",3253,"Indie Kid",2,NA,NA,NA
"245",3254,"No Musical Affiliation",0.76,NA,NA,NA
"246",3255,"Metaller",2.2,NA,NA,NA
"247",3256,"Metaller",0.94,0.17,NA,NA
"248",3257,"No Musical Affiliation",1.38,NA,NA,NA
"249",3258,"No Musical Affiliation",1.38,0.85,NA,NA
"250",3260,"Metaller",0.32,NA,NA,NA
"251",3261,"No Musical Affiliation",2.58,NA,NA,NA
"252",3262,"Metaller",0.51,NA,NA,NA
"253",3264,"No Musical Affiliation",0.32,NA,NA,NA
"254",3267,"Metaller",0.91,1.11,1.7,0.79
"255",3273,"No Musical Affiliation",1.51,NA,NA,NA
"256",3275,"Metaller",1.47,NA,NA,NA
"257",3276,"Crusty",2.5,NA,NA,NA
"258",3277,"Metaller",2.26,NA,NA,NA
"259",3278,"Indie Kid",2.81,NA,NA,NA
"260",3279,"Crusty",1.87,NA,NA,NA
"261",3281,"No Musical Affiliation",2,NA,NA,NA
"262",3282,"Crusty",2.23,0.41,1.02,-1.21
"263",3284,"Metaller",2,0.76,NA,NA
"264",3290,"Crusty",1.41,NA,NA,NA
"265",3291,"Metaller",1.64,NA,NA,NA
"266",3292,"Metaller",1.64,NA,NA,NA
"267",3296,"Metaller",1.26,NA,NA,NA
"268",3306,"Crusty",1.52,0.55,1.88,0.36
"269",3307,"Crusty",2.44,1.02,0.76,-1.68
"270",3308,"Indie Kid",2.18,NA,NA,NA
"271",3309,"No Musical Affiliation",3.02,NA,NA,NA
"272",3310,"Indie Kid",1.02,NA,NA,NA
"273",3311,"Metaller",2.88,NA,NA,NA
"274",3312,"Metaller",1.54,NA,NA,NA
"275",3313,"Metaller",1.64,NA,NA,NA
"276",3314,"No Musical Affiliation",2.44,2.5,1.7,-0.74
"277",3315,"No Musical Affiliation",1.29,NA,NA,NA
"278",3316,"No Musical Affiliation",1.61,0.32,0.26,-1.35
"279",3321,"Metaller",1.77,NA,NA,NA
"280",3325,"Crusty",0.91,0.17,NA,NA
"281",3326,"No Musical Affiliation",0.85,0.2,0.38,-0.47
"282",3327,"No Musical Affiliation",0.85,0.52,0.44,-0.41
"283",3328,"Metaller",1.5,NA,NA,NA
"284",3329,"Crusty",1.05,0.23,NA,NA
"285",3338,"No Musical Affiliation",3.38,NA,NA,NA
"286",3340,"No Musical Affiliation",1.42,0.52,2,0.58
"287",3341,"Crusty",1.85,NA,NA,NA
"288",3348,"Crusty",1.91,0.84,NA,NA
"289",3349,"No Musical Affiliation",0.82,0.26,NA,NA
"290",3350,"Indie Kid",1.32,0.76,NA,NA
"291",3351,"No Musical Affiliation",2.23,0.85,0.39,-1.84
"292",3352,"No Musical Affiliation",1.47,1.52,0.17,-1.3
"293",3363,"No Musical Affiliation",2.7,NA,NA,NA
"294",3365,"Metaller",1.58,NA,NA,NA
"295",3366,"Crusty",1,NA,NA,NA
"296",3367,"Crusty",1.44,NA,NA,NA
"297",3368,"Indie Kid",2,NA,NA,NA
"298",3369,"No Musical Affiliation",1.6,NA,NA,NA
"299",3370,"Metaller",2.32,2.53,1.67,-0.65
"300",3371,"Indie Kid",3.41,NA,NA,NA
"301",3372,"Metaller",2.02,NA,NA,NA
"302",3373,"No Musical Affiliation",0.64,0.52,NA,NA
"303",3374,"Crusty",3.58,3.35,NA,NA
"304",3375,"No Musical Affiliation",1.5,NA,NA,NA
"305",3376,"No Musical Affiliation",1.08,NA,NA,NA
"306",3377,"Indie Kid",1.52,NA,NA,NA
"307",3378,"No Musical Affiliation",1.26,NA,NA,NA
"308",3379,"Metaller",1.68,NA,NA,NA
"309",3380,"No Musical Affiliation",1.47,1.08,0.58,-0.89
"310",3390,"No Musical Affiliation",1.47,NA,NA,NA
"311",3391,"No Musical Affiliation",1.67,1.55,NA,NA
"312",3392,"Indie Kid",2.47,1.97,NA,NA
"313",3393,"Crusty",1.82,NA,NA,NA
"314",3394,"Metaller",2.17,NA,NA,NA
"315",3395,"Crusty",3.21,NA,NA,NA
"316",3397,"No Musical Affiliation",1.6,1.38,1.02,-0.58
"317",3398,"No Musical Affiliation",0.32,NA,NA,NA
"318",3407,"No Musical Affiliation",0.55,NA,NA,NA
"319",3411,"No Musical Affiliation",1.42,NA,NA,NA
"320",3412,"No Musical Affiliation",1.14,NA,NA,NA
"321",3413,"Crusty",2.64,NA,NA,NA
"322",3416,"No Musical Affiliation",2.58,NA,NA,NA
"323",3418,"Metaller",2.02,NA,NA,NA
"324",3419,"Metaller",2,NA,NA,NA
"325",3420,"No Musical Affiliation",2.9,NA,NA,NA
"326",3423,"Indie Kid",1.82,NA,NA,NA
"327",3429,"No Musical Affiliation",0.5,NA,NA,NA
"328",3431,"Crusty",1.53,NA,NA,NA
"329",3449,"No Musical Affiliation",2.48,NA,NA,NA
"330",3450,"Crusty",2.05,NA,NA,NA
"331",3453,"Crusty",2.52,NA,NA,NA
"332",3454,"Metaller",1.88,NA,NA,NA
"333",3455,"Indie Kid",2.73,NA,NA,NA
"334",3456,"Crusty",2.88,NA,NA,NA
"335",3457,"No Musical Affiliation",1.67,NA,NA,NA
"336",3458,"No Musical Affiliation",1.93,NA,NA,NA
"337",3460,"Indie Kid",1.67,NA,NA,NA
"338",3461,"No Musical Affiliation",1.2,NA,NA,NA
"339",3464,"No Musical Affiliation",2.75,NA,NA,NA
"340",3467,"No Musical Affiliation",1.94,0.97,NA,NA
"341",3468,"No Musical Affiliation",0.59,NA,NA,NA
"342",3469,"Indie Kid",1.5,NA,NA,NA
"343",3477,"No Musical Affiliation",1.58,0.94,0.94,-0.64
"344",3480,"Indie Kid",2.23,0.11,0.17,-2.06
"345",3483,"No Musical Affiliation",2.35,NA,NA,NA
"346",3490,"No Musical Affiliation",2.55,0.82,0.29,-2.26
"347",3493,"No Musical Affiliation",1.55,NA,NA,NA
"348",3494,"Metaller",2.31,NA,NA,NA
"349",3495,"No Musical Affiliation",2.23,NA,NA,NA
"350",3500,"No Musical Affiliation",0.67,0.5,NA,NA
"351",3501,"Indie Kid",2.51,NA,NA,NA
"352",3503,"Indie Kid",1.08,0.58,0.61,-0.47
"353",3510,"No Musical Affiliation",2.44,NA,NA,NA
"354",3511,"No Musical Affiliation",0.23,0.14,NA,NA
"355",3512,"Crusty",2.17,NA,NA,NA
"356",3518,"Indie Kid",1.9,1.17,NA,NA
"357",3519,"No Musical Affiliation",1.67,0.44,NA,NA
"358",3521,"No Musical Affiliation",2,0.58,0.52,-1.48
"359",3522,"No Musical Affiliation",2.44,NA,NA,NA
"360",3523,"No Musical Affiliation",1.44,NA,NA,NA
"361",3524,"No Musical Affiliation",0.82,NA,NA,NA
"362",3525,"Metaller",2.5,NA,NA,NA
"363",3526,"No Musical Affiliation",1.82,NA,NA,NA
"364",3536,"Crusty",1.97,NA,NA,NA
"365",3539,"Crusty",2.52,NA,NA,NA
"366",3540,"Crusty",0.05,NA,NA,NA
"367",3542,"Indie Kid",2.08,NA,NA,NA
"368",3545,"Crusty",2.39,NA,NA,NA
"369",3546,"No Musical Affiliation",1.45,0.82,NA,NA
"370",3551,"Crusty",2.58,NA,NA,NA
"371",3557,"No Musical Affiliation",2.12,NA,NA,NA
"372",3565,"Metaller",2.02,0.76,0.55,-1.47
"373",3567,"No Musical Affiliation",1.78,1.14,0.44,-1.34
"374",3568,"No Musical Affiliation",0.73,0.17,0.76,0.03
"375",3569,"No Musical Affiliation",2.26,0.9,1.85,-0.41
"376",3570,"Metaller",2.79,NA,NA,NA
"377",3571,"No Musical Affiliation",0.43,0.67,0.14,-0.29
"378",3572,"No Musical Affiliation",0.52,0.38,0.7,0.18
"379",3573,"No Musical Affiliation",2.32,NA,NA,NA
"380",3574,"No Musical Affiliation",2.22,NA,NA,NA
"381",3575,"No Musical Affiliation",0.58,NA,NA,NA
"382",3576,"Indie Kid",2,NA,NA,NA
"383",3577,"Metaller",0.7,NA,NA,NA
"384",3586,"No Musical Affiliation",1,NA,NA,NA
"385",3587,"No Musical Affiliation",0.3,NA,NA,NA
"386",3588,"Indie Kid",1.52,NA,NA,NA
"387",3593,"No Musical Affiliation",1.58,0.35,NA,NA
"388",3594,"Crusty",2.34,NA,NA,NA
"389",3595,"No Musical Affiliation",0.79,NA,NA,NA
"390",3596,"No Musical Affiliation",2.26,NA,NA,NA
"391",3597,"Indie Kid",2.35,NA,NA,NA
"392",3598,"Metaller",1.7,NA,NA,NA
"393",3599,"No Musical Affiliation",3.09,NA,NA,NA
"394",3600,"Metaller",1.52,NA,NA,NA
"395",3601,"No Musical Affiliation",0.35,NA,NA,NA
"396",3602,"Crusty",2.7,NA,NA,NA
"397",3603,"Metaller",1.64,NA,NA,NA
"398",3605,"Indie Kid",0.82,NA,NA,NA
"399",3606,"No Musical Affiliation",2.73,NA,NA,NA
"400",3607,"No Musical Affiliation",2.23,NA,NA,NA
"401",3609,"No Musical Affiliation",1.06,NA,NA,NA
"402",3610,"Crusty",2.05,0.2,0.35,-1.7
"403",3613,"Indie Kid",1.73,1.44,NA,NA
"404",3614,"No Musical Affiliation",0.93,0.91,NA,NA
"405",3620,"Crusty",2.5,2.44,NA,NA
"406",3621,"Crusty",1.44,NA,NA,NA
"407",3622,"Crusty",2.88,NA,NA,NA
"408",3625,"Metaller",0.67,0.23,0.44,-0.23
"409",3626,"No Musical Affiliation",1.85,0.35,NA,NA
"410",3627,"No Musical Affiliation",1.21,0.79,NA,NA
"411",3628,"No Musical Affiliation",1.06,0.76,0.7,-0.36
"412",3629,"No Musical Affiliation",0.61,0.26,0.33,-0.28
"413",3631,"Metaller",2,NA,NA,NA
"414",3634,"Metaller",1.17,0.73,1.17,0
"415",3635,"No Musical Affiliation",1.48,0.79,1.55,0.0700000000000001
"416",3645,"No Musical Affiliation",1.55,NA,NA,NA
"417",3646,"Metaller",3.29,NA,NA,NA
"418",3647,"Crusty",1.47,NA,NA,NA
"419",3648,"No Musical Affiliation",0.96,NA,NA,NA
"420",3649,"No Musical Affiliation",1,1.11,1.2,0.2
"421",3652,"Metaller",1.47,NA,NA,NA
"422",3653,"Indie Kid",2.55,2.38,NA,NA
"423",3654,"No Musical Affiliation",0.44,0.06,NA,NA
"424",3655,"No Musical Affiliation",2.35,2.41,NA,NA
"425",3656,"No Musical Affiliation",1.71,0.85,NA,NA
"426",3659,"No Musical Affiliation",1.84,0.58,0.7,-1.14
"427",3660,"Metaller",1.11,0.23,0.55,-0.56
"428",3667,"No Musical Affiliation",1.38,NA,NA,NA
"429",3669,"No Musical Affiliation",0.88,NA,NA,NA
"430",3670,"Crusty",0.94,NA,NA,NA
"431",3672,"Crusty",1.91,NA,NA,NA
"432",3676,"No Musical Affiliation",2.76,NA,NA,NA
"433",3677,"Crusty",1.55,0.32,0.47,-1.08
"434",3678,"No Musical Affiliation",2.67,NA,NA,NA
"435",3680,"Metaller",1.03,0.29,0.72,-0.31
"436",3696,"Crusty",2.5,NA,NA,NA
"437",3697,"No Musical Affiliation",1.64,NA,NA,NA
"438",3698,"Metaller",2.26,NA,NA,NA
"439",3709,"Crusty",2.14,NA,NA,NA
"440",3710,"Crusty",0.52,NA,NA,NA
"441",3711,"No Musical Affiliation",1.08,NA,NA,NA
"442",3712,"No Musical Affiliation",1.69,NA,NA,NA
"443",3713,"Metaller",2.73,NA,NA,NA
"444",3714,"Crusty",1.91,NA,NA,NA
"445",3715,"No Musical Affiliation",1.73,NA,NA,NA
"446",3716,"Indie Kid",3.21,NA,NA,NA
"447",3717,"Crusty",2.11,NA,NA,NA
"448",3718,"No Musical Affiliation",2.05,NA,NA,NA
"449",3719,"No Musical Affiliation",2.17,NA,NA,NA
"450",3720,"No Musical Affiliation",2.17,NA,NA,NA
"451",3721,"Metaller",2.3,NA,NA,NA
"452",3722,"Indie Kid",2.56,NA,NA,NA
"453",3723,"Metaller",2.11,0.41,0.47,-1.64
"454",3724,"Metaller",1.7,NA,NA,NA
"455",3725,"Crusty",1.23,NA,NA,NA
"456",3726,"Crusty",3.2,NA,NA,NA
"457",3727,"Crusty",2.02,NA,NA,NA
"458",3728,"Crusty",2.64,NA,NA,NA
"459",3729,"Crusty",2.52,0.14,NA,NA
"460",3730,"No Musical Affiliation",1.61,NA,NA,NA
"461",3731,"Metaller",1.5,1.2,0.91,-0.59
"462",3734,"Indie Kid",1.15,0.45,0.44,-0.71
"463",3736,"Crusty",1.82,NA,NA,NA
"464",3753,"No Musical Affiliation",1.5,NA,NA,NA
"465",3754,"Metaller",2.32,NA,NA,NA
"466",3759,"No Musical Affiliation",2.92,NA,NA,NA
"467",3764,"No Musical Affiliation",1.41,NA,NA,NA
"468",3769,"Indie Kid",1.35,NA,NA,NA
"469",3778,"Crusty",0.61,0.14,NA,NA
"470",3779,"No Musical Affiliation",0.73,NA,NA,NA
"471",3782,"No Musical Affiliation",2.23,1.88,NA,NA
"472",3783,"No Musical Affiliation",1.32,0.91,NA,NA
"473",3784,"No Musical Affiliation",2.94,1.79,NA,NA
"474",3785,"No Musical Affiliation",1.61,NA,NA,NA
"475",3786,"No Musical Affiliation",1,NA,NA,NA
"476",3787,"Metaller",3.15,3,NA,NA
"477",3788,"Indie Kid",2.88,NA,NA,NA
"478",3791,"Metaller",2.09,1.21,NA,NA
"479",3792,"No Musical Affiliation",1.32,1.7,2.29,0.97
"480",3793,"Crusty",1.47,0.35,NA,NA
"481",3794,"Metaller",1.61,NA,NA,NA
"482",3796,"No Musical Affiliation",2.2,1.5,1.88,-0.32
"483",3797,"Crusty",2.78,NA,NA,NA
"484",3798,"No Musical Affiliation",2.06,NA,NA,NA
"485",3799,"No Musical Affiliation",0.47,NA,NA,NA
"486",3804,"Metaller",2.87,NA,NA,NA
"487",3826,"Metaller",1.14,NA,NA,NA
"488",3828,"No Musical Affiliation",3.32,3.21,NA,NA
"489",3831,"Crusty",2.08,1.38,NA,NA
"490",3836,"Metaller",2.38,2.5,NA,NA
"491",3837,"Indie Kid",2.08,NA,NA,NA
"492",3838,"No Musical Affiliation",1.85,NA,NA,NA
"493",3840,"Metaller",1.38,NA,NA,NA
"494",3844,"Metaller",1.14,NA,NA,NA
"495",3846,"Crusty",1.58,NA,NA,NA
"496",3849,"Metaller",1.23,0.7,1.02,-0.21
"497",3850,"Indie Kid",2.53,NA,NA,NA
"498",3851,"No Musical Affiliation",0.67,NA,NA,NA
"499",3854,"Crusty",0.73,NA,NA,NA
"500",3855,"No Musical Affiliation",1.34,NA,NA,NA
"501",3856,"No Musical Affiliation",2.14,0.7,NA,NA
"502",3857,"No Musical Affiliation",1,NA,NA,NA
"503",3858,"No Musical Affiliation",1.35,NA,NA,NA
"504",3859,"Crusty",1.94,0.79,NA,NA
"505",3860,"Indie Kid",0.5,NA,NA,NA
"506",3869,"Indie Kid",3.08,NA,NA,NA
"507",3870,"No Musical Affiliation",2.88,NA,NA,NA
"508",3871,"No Musical Affiliation",1.91,NA,NA,NA
"509",3872,"No Musical Affiliation",1.41,NA,NA,NA
"510",3873,"Crusty",2.02,NA,NA,NA
"511",3874,"No Musical Affiliation",0.76,NA,NA,NA
"512",3875,"Metaller",1.94,NA,NA,NA
"513",3876,"No Musical Affiliation",0.67,0.28,NA,NA
"514",3879,"Crusty",2.41,NA,NA,NA
"515",3880,"Metaller",2.17,NA,NA,NA
"516",3882,"Metaller",2.67,0.41,NA,NA
"517",3883,"Crusty",1.94,0.64,NA,NA
"518",3888,"Metaller",2.05,0.85,1.7,-0.35
"519",3890,"Metaller",2.17,NA,NA,NA
"520",3909,"No Musical Affiliation",0.47,NA,NA,NA
"521",3912,"No Musical Affiliation",0.62,0.76,NA,NA
"522",3913,"Crusty",2,NA,NA,NA
"523",3914,"No Musical Affiliation",0.45,NA,NA,NA
"524",3916,"Indie Kid",2.29,0.91,1.38,-0.91
"525",3917,"Indie Kid",2.55,NA,NA,NA
"526",3918,"Metaller",0.82,NA,NA,NA
"527",3919,"No Musical Affiliation",3.12,2.2,NA,NA
"528",3920,"Crusty",2.5,2.23,0.41,-2.09
"529",3921,"Indie Kid",1.79,NA,NA,NA
"530",3922,"No Musical Affiliation",2.28,NA,NA,NA
"531",3923,"No Musical Affiliation",0.58,1.05,0.58,0
"532",3924,"Metaller",2.5,1.29,NA,NA
"533",3925,"Indie Kid",1.41,NA,NA,NA
"534",3926,"Metaller",2.14,NA,NA,NA
"535",3927,"No Musical Affiliation",0.76,0.26,NA,NA
"536",3929,"Metaller",1.79,1.11,NA,NA
"537",3930,"No Musical Affiliation",1.02,0.35,NA,NA
"538",3932,"Metaller",2.62,NA,NA,NA
"539",3942,"Crusty",0.88,NA,NA,NA
"540",3944,"No Musical Affiliation",1.58,0.2,0.2,-1.38
"541",3945,"No Musical Affiliation",2.2,NA,NA,NA
"542",3946,"Crusty",1.14,NA,NA,NA
"543",3947,"Metaller",1.47,0.52,0.35,-1.12
"544",3948,"Metaller",1.41,0.23,0.38,-1.03
"545",3949,"No Musical Affiliation",1.44,1.76,1.18,-0.26
"546",3950,"Metaller",1.23,1.17,NA,NA
"547",3951,"No Musical Affiliation",1.82,NA,NA,NA
"548",3952,"No Musical Affiliation",2.44,NA,NA,NA
"549",3954,"Metaller",1.94,1.2,NA,NA
"550",3955,"Metaller",2.41,NA,NA,NA
"551",3964,"Crusty",2.27,NA,NA,NA
"552",3965,"No Musical Affiliation",1.79,0.23,NA,NA
"553",3966,"Metaller",1.88,NA,NA,NA
"554",3972,"Crusty",1.85,0.64,1.32,-0.53
"555",3973,"Indie Kid",2.21,NA,NA,NA
"556",3986,"No Musical Affiliation",1.97,1.94,NA,NA
"557",3987,"Crusty",2.51,NA,NA,NA
"558",3988,"Metaller",2.05,NA,NA,NA
"559",3989,"Metaller",1.29,1,0.82,-0.47
"560",3990,"Indie Kid",2.05,NA,NA,NA
"561",3991,"No Musical Affiliation",2.23,NA,NA,NA
"562",3992,"No Musical Affiliation",1.76,NA,NA,NA
"563",3993,"No Musical Affiliation",1.05,NA,NA,NA
"564",3994,"Crusty",1.79,NA,NA,NA
"565",3995,"Metaller",1.02,0.73,0.47,-0.55
"566",3996,"Crusty",2.76,1.58,NA,NA
"567",3997,"Crusty",1.67,0.55,NA,NA
"568",4010,"Crusty",2.85,NA,NA,NA
"569",4011,"Metaller",0.23,0.84,NA,NA
"570",4012,"No Musical Affiliation",1.9,NA,NA,NA
"571",4013,"No Musical Affiliation",1.23,0.52,NA,NA
"572",4014,"Indie Kid",1.97,NA,NA,NA
"573",4015,"Metaller",1.5,NA,NA,NA
"574",4016,"No Musical Affiliation",3.69,NA,NA,NA
"575",4017,"No Musical Affiliation",0.5,NA,NA,NA
"576",4022,"Indie Kid",2.18,NA,NA,NA
"577",4023,"No Musical Affiliation",2.17,NA,NA,NA
"578",4024,"No Musical Affiliation",1.58,NA,NA,NA
"579",4025,"Crusty",2.88,NA,NA,NA
"580",4030,"Metaller",2.52,NA,NA,NA
"581",4032,"Metaller",2.2,NA,NA,NA
"582",4033,"Metaller",1.73,NA,NA,NA
"583",4034,"No Musical Affiliation",2.23,NA,NA,NA
"584",4079,"Indie Kid",1.97,NA,NA,NA
"585",4089,"No Musical Affiliation",1.2,0.67,0.91,-0.29
"586",4090,"Indie Kid",2,NA,NA,NA
"587",4092,"Metaller",1.91,NA,NA,NA
"588",4093,"Indie Kid",0.81,NA,NA,NA
"589",4095,"No Musical Affiliation",1.31,NA,NA,NA
"590",4096,"No Musical Affiliation",0.38,NA,NA,NA
"591",4101,"Indie Kid",1.97,NA,NA,NA
"592",4104,"Crusty",0.38,NA,NA,NA
"593",4105,"Crusty",2.11,0.76,0.85,-1.26
"594",4106,"Metaller",3.2,NA,NA,NA
"595",4107,"No Musical Affiliation",0.02,NA,NA,NA
"596",4109,"No Musical Affiliation",2.56,NA,NA,NA
"597",4110,"Indie Kid",2.02,NA,NA,NA
"598",4111,"Crusty",2.3,NA,NA,NA
"599",4114,"Crusty",2.02,NA,NA,NA
"600",4147,"Metaller",2.05,NA,NA,NA
"601",4148,"Crusty",1.7,NA,NA,NA
"602",4149,"Crusty",1.61,NA,NA,NA
"603",4150,"Crusty",0.73,NA,NA,NA
"604",4151,"Metaller",2.5,1.64,NA,NA
"605",4152,"Metaller",2.18,1.75,1.91,-0.27
"606",4153,"Indie Kid",2.46,1.08,1.91,-0.55
"607",4154,"Metaller",1.5,0.91,NA,NA
"608",4155,"No Musical Affiliation",1.73,0.94,NA,NA
"609",4156,"Indie Kid",1.44,NA,NA,NA
"610",4157,"Indie Kid",1.64,0.32,0.52,-1.12
"611",4158,"No Musical Affiliation",2.02,2.44,NA,NA
"612",4159,"No Musical Affiliation",1.2,0.17,0.2,-1
"613",4160,"No Musical Affiliation",0.38,0.02,NA,NA
"614",4161,"Crusty",1.58,1.54,1.76,0.18
"615",4162,"Crusty",1.67,0.5,NA,NA
"616",4163,"Crusty",1,0.48,NA,NA
"617",4164,"No Musical Affiliation",2.58,1.35,NA,NA
"618",4165,"Metaller",2.82,2.61,3.02,0.2
"619",4166,"Metaller",2.29,2.05,NA,NA
"620",4167,"Crusty",1.14,NA,NA,NA
"621",4168,"Crusty",1.64,0.76,NA,NA
"622",4171,"Crusty",1.82,0.08,NA,NA
"623",4172,"Crusty",3.32,2.91,3.02,-0.3
"624",4193,"No Musical Affiliation",3.32,NA,NA,NA
"625",4194,"Crusty",1.85,1,1.5,-0.35
"626",4195,"Indie Kid",2.29,NA,NA,NA
"627",4196,"Crusty",1.47,0.47,1.58,0.11
"628",4197,"Metaller",2.08,0.7,0.67,-1.41
"629",4198,"Crusty",2.2,NA,NA,NA
"630",4199,"Metaller",1.06,1.45,NA,NA
"631",4216,"Metaller",0.97,0.14,0.02,-0.95
"632",4218,"Crusty",2,NA,NA,NA
"633",4219,"Metaller",1.67,0.38,NA,NA
"634",4220,"Crusty",2.94,NA,NA,NA
"635",4221,"No Musical Affiliation",1.55,NA,NA,NA
"636",4222,"Metaller",0.88,0.26,NA,NA
"637",4223,"Metaller",1.35,2.32,NA,NA
"638",4224,"Crusty",0.61,0.2,0.17,-0.44
"639",4225,"Crusty",1,NA,NA,NA
"640",4226,"No Musical Affiliation",1.52,2.72,0.52,-1
"641",4234,"No Musical Affiliation",1,NA,NA,NA
"642",4235,"No Musical Affiliation",1.76,0.41,0.88,-0.88
"643",4236,"No Musical Affiliation",2.52,NA,NA,NA
"644",4237,"Crusty",2,0.88,1.44,-0.56
"645",4238,"No Musical Affiliation",2.63,NA,NA,NA
"646",4239,"Crusty",0.73,0.85,NA,NA
"647",4240,"Metaller",1.58,0.23,1.66,0.0799999999999999
"648",4241,"No Musical Affiliation",0.58,NA,NA,NA
"649",4245,"No Musical Affiliation",1.67,NA,NA,NA
"650",4247,"No Musical Affiliation",1.47,NA,NA,NA
"651",4249,"No Musical Affiliation",1.81,NA,NA,NA
"652",4256,"Crusty",1.91,NA,NA,NA
"653",4257,"No Musical Affiliation",1.06,NA,NA,NA
"654",4259,"No Musical Affiliation",1.47,1.23,0.94,-0.53
"655",4262,"Crusty",2.52,NA,NA,NA
"656",4263,"Metaller",1.85,0.2,NA,NA
"657",4264,"Crusty",3.44,NA,NA,NA
"658",4265,"Metaller",1.55,1.32,1.19,-0.36
"659",4266,"Metaller",2.29,2.7,NA,NA
"660",4267,"Metaller",1.76,NA,NA,NA
"661",4268,"No Musical Affiliation",1.9,NA,NA,NA
"662",4269,"No Musical Affiliation",2.52,2.55,NA,NA
"663",4271,"Crusty",2.52,NA,NA,NA
"664",4274,"Crusty",2.82,0.17,NA,NA
"665",4281,"Crusty",2.02,NA,NA,NA
"666",4284,"Metaller",1.29,NA,NA,NA
"667",4285,"No Musical Affiliation",1.26,NA,NA,NA
"668",4287,"Metaller",0.94,NA,NA,NA
"669",4291,"Indie Kid",2,1.13,0.53,-1.47
"670",4292,"No Musical Affiliation",0.73,NA,NA,NA
"671",4294,"Crusty",2.26,0.79,NA,NA
"672",4295,"Crusty",2.23,NA,NA,NA
"673",4297,"Crusty",2.35,NA,NA,NA
"674",4298,"No Musical Affiliation",0.55,0.38,NA,NA
"675",4301,"No Musical Affiliation",1.85,NA,NA,NA
"676",4302,"Crusty",0.67,NA,NA,NA
"677",4305,"Crusty",1.85,1,NA,NA
"678",4306,"Crusty",1.23,0.2,NA,NA
"679",4308,"No Musical Affiliation",2.35,NA,NA,NA
"680",4309,"Crusty",1.35,NA,NA,NA
"681",4310,"No Musical Affiliation",1.94,NA,NA,NA
"682",4311,"No Musical Affiliation",1.55,NA,NA,NA
"683",4312,"Crusty",1.29,NA,NA,NA
"684",4313,"Indie Kid",2.17,NA,NA,NA
"685",4314,"Metaller",1.91,NA,NA,NA
"686",4333,"Indie Kid",2.88,NA,NA,NA
"687",4334,"No Musical Affiliation",2.36,NA,NA,NA
"688",4335,"Indie Kid",2.36,NA,NA,NA
"689",4336,"No Musical Affiliation",2.2,NA,NA,NA
"690",4349,"Crusty",2.17,0.47,0.38,-1.79
"691",4351,"Crusty",0.52,NA,NA,NA
"692",4352,"Crusty",0.32,NA,NA,NA
"693",4353,"Metaller",1.52,0.55,NA,NA
"694",4354,"Crusty",2,0.94,0.08,-1.92
"695",4355,"Metaller",1.32,1.02,1.2,-0.12
"696",4356,"Indie Kid",2.05,NA,NA,NA
"697",4357,"Crusty",1.73,NA,NA,NA
"698",4358,"No Musical Affiliation",1.94,NA,NA,NA
"699",4359,"Metaller",1.81,NA,NA,NA
"700",4360,"Indie Kid",0.9,0.64,NA,NA
"701",4361,"No Musical Affiliation",1.58,0.67,NA,NA
"702",4363,"Metaller",2.29,1.87,0.91,-1.38
"703",4366,"No Musical Affiliation",2.57,NA,NA,NA
"704",4370,"No Musical Affiliation",1.58,NA,NA,NA
"705",4382,"Crusty",2.33,0.82,NA,NA
"706",4383,"Crusty",3.15,NA,NA,NA
"707",4384,"Indie Kid",2.29,NA,NA,NA
"708",4385,"Crusty",0.82,NA,NA,NA
"709",4386,"Crusty",1.93,NA,NA,NA
"710",4387,"No Musical Affiliation",1.82,NA,NA,NA
"711",4388,"No Musical Affiliation",1.96,NA,NA,NA
"712",4389,"No Musical Affiliation",1.32,0.64,0.47,-0.85
"713",4391,"No Musical Affiliation",1.02,NA,NA,NA
"714",4392,"No Musical Affiliation",1.14,NA,NA,NA
"715",4393,"Metaller",2.32,NA,NA,NA
"716",4394,"Metaller",2.16,NA,NA,NA
"717",4396,"No Musical Affiliation",2.42,1.7,NA,NA
"718",4397,"No Musical Affiliation",1.14,NA,NA,NA
"719",4398,"Indie Kid",1.55,0.79,1.76,0.21
"720",4404,"Indie Kid",1.17,NA,NA,NA
"721",4405,"No Musical Affiliation",1,0.58,0.32,-0.68
"722",4410,"Crusty",1.05,0.11,NA,NA
"723",4419,"No Musical Affiliation",1.38,NA,NA,NA
"724",4428,"No Musical Affiliation",1.93,2.42,NA,NA
"725",4430,"Metaller",2.73,NA,NA,NA
"726",4435,"No Musical Affiliation",2.02,NA,NA,NA
"727",4436,"Indie Kid",2.81,NA,NA,NA
"728",4437,"No Musical Affiliation",2.47,NA,NA,NA
"729",4439,"Metaller",1.35,NA,NA,NA
"730",4440,"Crusty",2.08,NA,NA,NA
"731",4441,"Crusty",2.5,NA,NA,NA
"732",4442,"Indie Kid",2.45,NA,NA,NA
"733",4443,"Metaller",2.17,NA,NA,NA
"734",4444,"No Musical Affiliation",1.7,0,NA,NA
"735",4445,"No Musical Affiliation",0.7,0.23,0.45,-0.25
"736",4446,"Indie Kid",1.51,NA,NA,NA
"737",4447,"Metaller",1.23,NA,NA,NA
"738",4448,"Metaller",2.14,0.85,NA,NA
"739",4452,"No Musical Affiliation",1.14,1.14,NA,NA
"740",4453,"Metaller",0.96,NA,NA,NA
"741",4454,"No Musical Affiliation",1.52,1.14,1.26,-0.26
"742",4455,"No Musical Affiliation",0.52,NA,NA,NA
"743",4456,"Metaller",1.56,NA,NA,NA
"744",4459,"No Musical Affiliation",3.29,0.26,NA,NA
"745",4464,"No Musical Affiliation",0.45,NA,NA,NA
"746",4467,"Metaller",2.63,NA,NA,NA
"747",4468,"Crusty",1.7,NA,NA,NA
"748",4470,"Metaller",3.11,NA,NA,NA
"749",4479,"Crusty",1.82,NA,NA,NA
"750",4481,"Indie Kid",1.58,0.14,NA,NA
"751",4482,"No Musical Affiliation",2.73,NA,NA,NA
"752",4485,"No Musical Affiliation",1.5,1.14,NA,NA
"753",4486,"No Musical Affiliation",1.78,1.02,NA,NA
"754",4488,"No Musical Affiliation",2.02,NA,NA,NA
"755",4507,"No Musical Affiliation",0.67,0.94,0.91,0.24
"756",4509,"Crusty",1.41,0.55,NA,NA
"757",4510,"Metaller",0.9,NA,NA,NA
"758",4511,"Metaller",1.23,1.11,0.76,-0.47
"759",4512,"No Musical Affiliation",2.7,NA,NA,NA
"760",4514,"Indie Kid",1.97,NA,NA,NA
"761",4515,"Crusty",0.84,NA,NA,NA
"762",4516,"No Musical Affiliation",1.79,NA,NA,NA
"763",4517,"No Musical Affiliation",2.84,NA,NA,NA
"764",4518,"Crusty",2.02,NA,NA,NA
"765",4519,"Metaller",1.64,0.7,NA,NA
"766",4525,"No Musical Affiliation",1.08,NA,NA,NA
"767",4533,"Indie Kid",2.97,NA,NA,NA
"768",4552,"Crusty",0.94,NA,NA,NA
"769",4553,"Indie Kid",2.97,1.94,NA,NA
"770",4554,"Crusty",0.97,NA,NA,NA
"771",4555,"No Musical Affiliation",1.47,NA,NA,NA
"772",4559,"Metaller",2.61,NA,NA,NA
"773",4563,"Crusty",1.73,0.2,0.91,-0.82
"774",4564,"Metaller",3.38,3.44,3.41,0.0300000000000003
"775",4569,"No Musical Affiliation",3.17,1,1.73,-1.44
"776",4570,"No Musical Affiliation",2.2,0.91,NA,NA
"777",4571,"Metaller",2.14,NA,NA,NA
"778",4582,"Indie Kid",1.29,1.58,0.81,-0.48
"779",4590,"Metaller",3.21,2.85,NA,NA
"780",4597,"No Musical Affiliation",2.67,NA,NA,NA
"781",4598,"Crusty",1.85,0.79,NA,NA
"782",4601,"No Musical Affiliation",1.35,NA,NA,NA
"783",4607,"No Musical Affiliation",2.14,0.76,NA,NA
"784",4611,"No Musical Affiliation",1.24,0.56,NA,NA
"785",4654,"No Musical Affiliation",2.02,1.78,2.55,0.53
"786",4655,"No Musical Affiliation",2.32,NA,NA,NA
"787",4663,"No Musical Affiliation",1.08,0.23,NA,NA
"788",4666,"No Musical Affiliation",1.14,1.35,1.02,-0.12
"789",4690,"Crusty",2.14,1.82,NA,NA
"790",4692,"Metaller",2.88,NA,NA,NA
"791",4693,"Indie Kid",1.35,0.17,0.44,-0.91
"792",4694,"Crusty",1,1.7,NA,NA
"793",4695,"Metaller",2.02,NA,NA,NA
"794",4696,"No Musical Affiliation",0.64,1.32,NA,NA
"795",4697,"Indie Kid",0.29,0.14,NA,NA
"796",4698,"Indie Kid",1.73,0.94,NA,NA
"797",4699,"No Musical Affiliation",1.82,1.52,NA,NA
"798",4704,"Indie Kid",2.11,NA,NA,NA
"799",4710,"No Musical Affiliation",1.23,NA,NA,NA
"800",4711,"No Musical Affiliation",0.64,NA,NA,NA
"801",4724,"Metaller",2.23,1.41,2.11,-0.12
"802",4725,"No Musical Affiliation",2.44,0.32,NA,NA
"803",4740,"No Musical Affiliation",1.17,0.58,NA,NA
"804",4744,"Crusty",0.61,0.44,NA,NA
"805",4749,"Metaller",0.52,NA,NA,NA
"806",4756,"No Musical Affiliation",2.91,0.94,NA,NA
"807",4758,"Indie Kid",2.61,1.44,NA,NA
"808",4759,"No Musical Affiliation",1.47,NA,NA,NA
"809",4760,"No Musical Affiliation",1.28,NA,NA,NA
"810",4765,"Crusty",1.26,NA,NA,NA
